﻿Film title,Film type,Year of Release,Year of Induction
12 Angry Men,Narrative feature,"1,957","2,007"
2001: A Space Odyssey,Narrative feature,"1,968","1,991"
3:10 to Yuma,Narrative feature,"1,957","2,012"
42nd Street,Narrative feature,"1,933","1,998"
The 7th Voyage of Sinbad,Narrative feature,"1,958","2,008"
Abbott and Costello Meet Frankenstein,Narrative feature,"1,948","2,001"
Adam's Rib,Narrative feature,"1,949","1,992"
The Adventures of Robin Hood,Narrative feature,"1,938","1,995"
The African Queen,Narrative feature,"1,951","1,994"
Airplane!,Narrative feature,"1,980","2,010"
Alien,Narrative feature,"1,979","2,002"
All About Eve,Narrative feature,"1,950","1,990"
All My Babies,Documentary,"1,953","2,002"
All Quiet on the Western Front,Narrative feature,"1,930","1,990"
All That Heaven Allows,Narrative feature,"1,955","1,995"
All That Jazz,Narrative feature,"1,979","2,001"
All the King's Men,Narrative feature,"1,949","2,001"
All the President's Men,Narrative feature,"1,976","2,010"
Allures,Experimental film,"1,961","2,011"
"America, America",Narrative feature,"1,963","2,001"
American Graffiti,Narrative feature,"1,973","1,995"
An American in Paris,Narrative feature,"1,951","1,993"
Anatomy of a Murder,Narrative feature,"1,959","2,012"
Annie Hall,Narrative feature,"1,977","1,992"
Antonia: A Portrait of the Woman,Documentary,"1,974","2,003"
The Apartment,Narrative feature,"1,960","1,994"
Apocalypse Now,Narrative feature,"1,979","2,000"
Applause,Narrative feature,"1,929","2,006"
The Asphalt Jungle,Narrative feature,"1,950","2,008"
Atlantic City,Narrative feature,"1,980","2,003"
The Augustas,Home film/documentary,1930s–1950s,"2,012"
The Awful Truth,Narrative feature,"1,937","1,996"
Baby Face,Narrative feature,"1,933","2,005"
Back to the Future,Narrative feature,"1,985","2,007"
The Bad and the Beautiful,Narrative feature,"1,952","2,002"
Badlands,Narrative feature,"1,973","1,993"
Bambi,Animated narrative feature,"1,942","2,011"
The Band Wagon,Narrative feature,"1,953","1,995"
The Bank Dick,Narrative feature,"1,940","1,992"
The Bargain,Narrative feature,"1,914","2,010"
The Battle of San Pietro,Documentary,"1,945","1,991"
Beauty and the Beast,Animated narrative feature,"1,991","2,002"
Ben-Hur,Narrative feature,"1,925","1,997"
Ben-Hur,Narrative feature,"1,959","2,004"
The Best Years of Our Lives,Narrative feature,"1,946","1,989"
Big Business,Short subject,"1,929","1,992"
The Big Heat,Narrative feature,"1,953","2,011"
The Big Parade,Narrative feature,"1,925","1,992"
The Big Sleep,Narrative feature,"1,946","1,997"
The Big Trail,Narrative feature,"1,930","2,006"
The Birth of a Nation,Narrative feature,"1,915","1,992"
The Black Pirate,Narrative feature,"1,926","1,993"
The Black Stallion,Narrative feature,"1,979","2,002"
Blacksmith Scene,Short subject,"1,893","1,995"
Blade Runner,Narrative feature,"1,982","1,993"
Blazing Saddles,Narrative feature,"1,974","2,006"
The Blood of Jesus,Narrative feature,"1,941","1,991"
The Blue Bird,Narrative feature,"1,918","2,004"
Bonnie and Clyde,Narrative feature,"1,967","1,992"
Boyz n the Hood,Narrative feature,"1,991","2,002"
Bride of Frankenstein,Narrative feature,"1,935","1,998"
The Bridge on the River Kwai,Narrative feature,"1,957","1,997"
Bringing Up Baby,Narrative feature,"1,938","1,990"
Broken Blossoms,Narrative feature,"1,919","1,996"
Born Yesterday,Narrative feature,"1,950","2,012"
Breakfast at Tiffany's,Narrative feature,"1,961","2,012"
A Bronx Morning,Short subject,"1,931","2,004"
The Buffalo Creek Flood: An Act of Man,Documentary,"1,975","2,005"
Bullitt,Narrative feature,"1,968","2,007"
Butch Cassidy and the Sundance Kid,Narrative feature,"1,969","2,003"
Cabaret,Narrative feature,"1,972","1,995"
The Cameraman,Narrative feature,"1,928","2,005"
Carmen Jones,Narrative feature,"1,954","1,992"
Casablanca,Narrative feature,"1,942","1,989"
Castro Street,Documentary/short subject/experimental film,"1,966","1,992"
Cat People,Narrative feature,"1,942","1,993"
Chan Is Missing,Narrative feature,"1,982","1,995"
The Cheat,Narrative feature,"1,915","1,993"
The Chechahcos,Narrative feature,"1,924","2,003"
Chinatown,Narrative feature,"1,974","1,991"
A Christmas Story,Narrative feature,"1,983","2,012"
Chulas Fronteras,Documentary,"1,976","1,993"
Citizen Kane,Narrative feature,"1,941","1,989"
The City,Documentary,"1,939","1,998"
City Lights,Narrative feature,"1,931","1,991"
Civilization,Narrative feature,"1,916","1,999"
Clash of the Wolves,Narrative feature,"1,925","2,004"
Close Encounters of the Third Kind,Narrative feature,"1,977","2,007"
Cologne: From the Diary of Ray and Esther,Documentary/short subject,"1,939","2,001"
"Commandment Keeper Church, Beaufort South Carolina, May 1940",Documentary/short subject,"1,940","2,005"
A Computer Animated Hand,Animated short subject/experimental film,"1,972","2,011"
The Conversation,Narrative feature,"1,974","1,995"
Cool Hand Luke,Narrative feature,"1,967","2,005"
The Cool World,Narrative feature,"1,963","1,994"
Cops,Short subject,"1,922","1,997"
The Corbett-Fitzsimmons Fight,Documentary,"1,897","2,012"
A Corner in Wheat,Short subject,"1,909","1,994"
The Court Jester,Narrative feature,"1,956","2,004"
Crisis: Behind a Presidential Commitment,Documentary,"1,963","2,011"
The Crowd,Narrative feature,"1,928","1,989"
Cry of Jazz,Short subject,"1,959","2,010"
The Cry of the Children,Short subject,"1,912","2,011"
A Cure for Pokeritis,Short subject,"1,912","2,011"
The Curse of Quon Gwon,Short subject,1916–1917,"2,006"
Czechoslovakia 1968,Documentary/short subject,"1,969","1,997"
"Dance, Girl, Dance",Narrative feature,"1,940","2,007"
Dances with Wolves,Narrative feature,"1,990","2,007"
Daughter of Shanghai,Narrative feature,"1,937","2,006"
Daughters of the Dust,Narrative feature,"1,991","2,004"
David Holzman's Diary,Narrative feature,"1,968","1,991"
The Day the Earth Stood Still,Narrative feature,"1,951","1,995"
Days of Heaven,Narrative feature,"1,978","2,007"
Dead Birds,Documentary,"1,964","1,998"
The Deer Hunter,Narrative feature,"1,978","1,996"
Deliverance,Narrative feature,"1,972","2,008"
Destry Rides Again,Narrative feature,"1,939","1,996"
Detour,Narrative feature,"1,945","1,992"
Dickson Experimental Sound Film,Short subject/experimental film,1894 or 1895,"2,003"
Dirty Harry,Narrative feature,"1,971","2,012"
Disneyland Dream,Home film,"1,956","2,008"
D.O.A.,Narrative feature,"1,950","2,004"
Do the Right Thing,Narrative feature,"1,989","1,999"
The Docks of New York,Narrative feature,"1,928","1,999"
Dodsworth,Narrative feature,"1,936","1,990"
Dog Day Afternoon,Narrative feature,"1,975","2,009"
Dog Star Man,Short subject/experimental film,"1,964","1,992"
Dont Look Back,Documentary,"1,967","1,998"
Double Indemnity,Narrative feature,"1,944","1,992"
Dr. Strangelove or: How I Learned to Stop Worrying and Love the Bomb,Narrative feature,"1,964","1,989"
Dracula,Narrative feature,"1,931","2,000"
Drums of Winter,Documentary,"1,988","2,006"
Duck Amuck,Animated short subject,"1,953","1,999"
Duck and Cover,Animated short subject,"1,951","2,004"
Duck Soup,Narrative feature,"1,933","1,990"
E.T. the Extra-Terrestrial,Narrative feature,"1,982","1,994"
Early Abstractions[I],Animated short subjects,1939–1956,"2,006"
Easy Rider,Narrative feature,"1,969","1,998"
Eaux d'artifice,Short subject,"1,953","1,993"
Electronic Labyrinth: THX 1138 4EB,Short subject,"1,967","2,010"
El Mariachi,Narrative feature,"1,992","2,011"
El Norte,Narrative feature,"1,983","1,995"
The Emperor Jones,Narrative feature,"1,933","1,999"
Empire,Experimental film,"1,964","2,004"
The Endless Summer,Documentary,"1,966","2,002"
Enter the Dragon,Narrative feature,"1,973","2,004"
Eraserhead,Narrative feature,"1,977","2,004"
The Evidence of the Film,Short subject,"1,913","2,001"
The Exiles,Narrative feature,"1,961","2,009"
The Exorcist,Narrative feature,"1,973","2,010"
The Exploits of Elaine[VII],Film serial,"1,914","1,994"
A Face in the Crowd,Narrative feature,"1,957","2,008"
Faces,Narrative feature,"1,968","2,011"
Fake Fruit Factory,Documentary/short subject,"1,986","2,011"
The Fall of the House of Usher,Short subject,"1,928","2,000"
Fantasia,Animated narrative feature,"1,940","1,990"
Fargo,Narrative feature,"1,996","2,006"
Fast Times at Ridgemont High,Narrative feature,"1,982","2,005"
Fatty's Tintype Tangle,Short subject,"1,915","1,995"
Film Portrait,Documentary,"1,970","2,003"
Five Easy Pieces,Narrative feature,"1,970","2,000"
Flash Gordon[II],Film serial,"1,936","1,996"
Flesh and the Devil,Narrative feature,"1,927","2,006"
Flower Drum Song,Narrative feature,"1,961","2,008"
Foolish Wives,Narrative feature,"1,922","2,008"
Footlight Parade,Narrative feature,"1,933","1,992"
Force of Evil,Narrative feature,"1,948","1,994"
The Forgotten Frontier,Documentary,"1,931","1,996"
Forrest Gump,Narrative feature,"1,994","2,011"
The Four Horsemen of the Apocalypse,Narrative feature,"1,921","1,995"
Jenkins Orphanage Band (Fox Movietone News),Newsreel,"1,928","2,003"
Frank Film,Animated short subject,"1,973","1,996"
Frankenstein,Narrative feature,"1,931","1,991"
Freaks,Narrative feature,"1,932","1,994"
Free Radicals,Animated short subject,"1,979","2,008"
The French Connection,Narrative feature,"1,971","2,005"
The Freshman,Narrative feature,"1,925","1,990"
From Here to Eternity,Narrative feature,"1,953","2,002"
From Stump to Ship,Industrial/short subject,"1,930","2,002"
From the Manger to the Cross,Narrative feature,"1,912","1,998"
The Front Page,Narrative feature,"1,931","2,010"
Fuji,Short subject,"1,974","2,002"
Fury,Narrative feature,"1,936","1,995"
Garlic Is as Good as Ten Mothers,Documentary,"1,980","2,004"
The General,Narrative feature,"1,926","1,989"
George Stevens World War II Footage,Documentary,1943–1946,"2,008"
Gerald McBoing-Boing,Animated short subject,"1,951","1,995"
Gertie the Dinosaur,Animated short subject,"1,914","1,991"
Giant,Narrative feature,"1,956","2,005"
Gigi,Narrative feature,"1,958","1,991"
Glimpse of the Garden,Short subject,"1,957","2,007"
The Godfather,Narrative feature,"1,972","1,990"
The Godfather Part II,Narrative feature,"1,974","1,993"
Going My Way,Narrative feature,"1,944","2,004"
Gold Diggers of 1933,Narrative feature,"1,933","2,003"
The Gold Rush,Narrative feature,"1,925","1,992"
Gone with the Wind,Narrative feature,"1,939","1,989"
Goodfellas,Narrative feature,"1,990","2,000"
The Graduate,Narrative feature,"1,967","1,996"
Grand Hotel,Narrative feature,"1,932","2,007"
The Grapes of Wrath,Narrative feature,"1,940","1,989"
Grass,Documentary,"1,925","1,997"
The Great Dictator,Narrative feature,"1,940","1,997"
The Great Train Robbery,Short subject,"1,903","1,990"
Greed,Narrative feature,"1,924","1,991"
Grey Gardens,Documentary,"1,976","2,010"
Groundhog Day,Narrative feature,"1,993","2,006"
Growing Up Female,Documentary,"1,971","2,011"
Gun Crazy,Narrative feature,"1,949","1,998"
Gunga Din,Narrative feature,"1,939","1,999"
H2O,Short subject,"1,929","2,005"
Hallelujah!,Narrative feature,"1,929","2,008"
Halloween,Narrative feature,"1,978","2,006"
Hands Up!,Narrative feature,"1,926","2,005"
"Harlan County, USA",Documentary,"1,976","1,990"
Harold and Maude,Narrative feature,"1,972","1,997"
The Heiress,Narrative feature,"1,949","1,996"
Hell's Hinges,Narrative feature,"1,916","1,994"
Heroes All,Documentary,"1,920","2,009"
Hester Street,Narrative feature,"1,975","2,011"
High Noon,Narrative feature,"1,952","1,989"
High School,Documentary,"1,969","1,991"
Hindenburg Disaster Newsreel Footage,Newsreel,"1,937","1,997"
His Girl Friday,Narrative feature,"1,940","1,993"
The Hitch-Hiker,Narrative feature,"1,953","1,998"
Hoop Dreams,Documentary,"1,994","2,005"
Hoosiers,Narrative feature,"1,986","2,001"
Hospital,Documentary,"1,970","1,994"
The Hospital,Narrative feature,"1,971","1,995"
Hot Dogs for Gauguin,Short subject,"1,972","2,009"
Hours for Jerome Parts 1 and 2,Experimental film,1980–1982,"2,012"
The House I Live In,Short subject,"1,945","2,007"
The House in the Middle,Documentary/short subject,"1,954","2,001"
House of Usher,Narrative feature,"1,960","2,005"
How Green Was My Valley,Narrative feature,"1,941","1,990"
How the West Was Won,Narrative feature,"1,962","1,997"
The Hunters,Documentary,"1,957","2,003"
The Hustler,Narrative feature,"1,961","1,997"
I Am a Fugitive from a Chain Gang,Narrative feature,"1,932","1,991"
I Am Joaquin,Short subject,"1,969","2,010"
"I, an Actress",Short subject,"1,977","2,011"
Imitation of Life,Narrative feature,"1,934","2,005"
The Immigrant,Short subject,"1,917","1,998"
In a Lonely Place,Narrative feature,"1,950","2,007"
In Cold Blood,Narrative feature,"1,967","2,008"
In the Heat of the Night,Narrative feature,"1,967","2,002"
In the Land of the Head Hunters,Narrative feature,"1,914","1,999"
In the Street,Documentary/short subject,"1,948","2,006"
The Incredible Shrinking Man,Narrative feature,"1,957","2,009"
Inside Nazi Germany,Documentary/short subject,"1,938","1,993"
Intolerance,Narrative feature,"1,916","1,989"
Invasion of the Body Snatchers,Narrative feature,"1,956","1,994"
The Invisible Man,Narrative feature,"1,933","2,008"
The Iron Horse,Narrative feature,"1,924","2,011"
It,Narrative feature,"1,927","2,001"
It Happened One Night,Narrative feature,"1,934","1,993"
It's a Gift,Narrative feature,"1,934","2,010"
It's a Wonderful Life,Narrative feature,"1,946","1,990"
The Italian,Narrative feature,"1,915","1,991"
Jailhouse Rock,Narrative feature,"1,957","2,004"
Jam Session,Short subject,"1,942","2,001"
Jeffries-Johnson World's Championship Boxing Contest,Documentary,"1,910","2,005"
Jammin' the Blues,Short subject,"1,944","1,995"
Jaws,Narrative feature,"1,975","2,001"
Jazz on a Summer's Day,Documentary,"1,959","1,999"
The Jazz Singer,Narrative feature,"1,927","1,996"
Jezebel,Narrative feature,"1,938","2,009"
Johnny Guitar,Narrative feature,"1,954","2,008"
The Jungle,Short subject,"1,967","2,009"
The Kid,Narrative feature,"1,921","2,011"
The Kidnappers Foil,Narrative feature,1930s–1950s,"2,012"
Killer of Sheep,Narrative feature,"1,977","1,990"
The Killers,Narrative feature,"1,946","2,008"
King: A Filmed Record... Montgomery to Memphis,Documentary,"1,970","1,999"
King Kong,Narrative feature,"1,933","1,991"
The Kiss,Short subject,"1,896","1,999"
Kiss Me Deadly,Narrative feature,"1,955","1,999"
"Kannapolis, N.C.",Documentary,"1,941","2,004"
"Knute Rockne, All American",Narrative feature,"1,940","1,997"
Kodachrome Color Motion-Picture Test,Experimental film,"1,922","2,012"
Koyaanisqatsi,Narrative feature,"1,983","2,000"
The Lady Eve,Narrative feature,"1,941","1,994"
Lady Helen's Escapade,Short subject,"1,909","2,004"
Lady Windermere's Fan,Narrative feature,"1,925","2,002"
Lambchops,Short subject,"1,929","1,999"
The Land Beyond the Sunset,Short subject,"1,912","2,000"
Lassie Come Home,Narrative feature,"1,943","1,993"
The Last Command,Narrative feature,"1,928","2,006"
The Last of the Mohicans,Narrative feature,"1,920","1,995"
The Last Picture Show,Narrative feature,"1,971","1,998"
Laura,Narrative feature,"1,944","1,999"
Lawrence of Arabia,Narrative feature,"1,962","1,991"
The Lead Shoes,Short subject/experimental film,"1,949","2,009"
A League of Their Own,Narrative feature,"1,992","2,012"
The Learning Tree,Narrative feature,"1,969","1,989"
Let's All Go to the Lobby,Animated short subject,"1,957","2,000"
Let There Be Light,Documentary,"1,946","2,010"
Letter from an Unknown Woman,Narrative feature,"1,948","1,992"
The Life and Death of 9413: a Hollywood Extra,Short subject,"1,927","1,997"
The Life and Times of Rosie the Riveter,Documentary,"1,980","1,996"
The Life of Emile Zola,Narrative feature,"1,937","2,000"
Little Caesar,Narrative feature,"1,931","2,000"
Little Fugitive,Narrative feature,"1,953","1,997"
Little Miss Marker,Narrative feature,"1,934","1,998"
Little Nemo,Animated short subject,"1,911","2,009"
The Living Desert,Documentary,"1,953","2,000"
Lonesome,Narrative feature,"1,928","2,010"
The Lost Weekend,Narrative feature,"1,945","2,011"
The Lost World,Narrative feature,"1,925","1,998"
Louisiana Story,Narrative feature,"1,948","1,994"
Love Finds Andy Hardy,Narrative feature,"1,938","2,000"
Love Me Tonight,Narrative feature,"1,932","1,990"
Mabel's Blunder,Short subject,"1,914","2,009"
Make Way for Tomorrow,Narrative feature,"1,937","2,010"
Magical Maestro,Animated short subject,"1,952","1,993"
The Magnificent Ambersons,Narrative feature,"1,942","1,991"
The Making of an American,Short subject,"1,920","2,005"
Malcolm X,Narrative feature,"1,992","2,010"
The Maltese Falcon,Narrative feature,"1,941","1,989"
The Man Who Shot Liberty Valance,Narrative feature,"1,962","2,007"
The Manchurian Candidate,Narrative feature,"1,962","1,994"
Manhatta,Documentary/short subject,"1,921","1,995"
Manhattan,Narrative feature,"1,979","2,001"
The March,Documentary/short subject,"1,964","2,008"
Marian Anderson: the Lincoln Memorial Concert,Documentary,"1,939","2,001"
The Mark of Zorro,Narrative feature,"1,940","2,009"
Marty,Narrative feature,"1,955","1,994"
MASH,Narrative feature,"1,970","1,996"
Master Hands,Documentary,"1,936","1,999"
Matrimony's Speed Limit,Short subject,"1,913","2,003"
The Matrix,Narrative feature,"1,999","2,012"
McCabe & Mrs. Miller,Narrative feature,"1,971","2,010"
Mean Streets,Narrative feature,"1,973","1,997"
Medium Cool,Narrative feature,"1,969","2,003"
Meet Me in St. Louis,Narrative feature,"1,944","1,994"
Melody Ranch,Narrative feature,"1,940","2,002"
Memphis Belle,Documentary,"1,944","2,001"
Meshes of the Afternoon,Short subject/experimental film,"1,943","1,990"
Michael Jackson's Thriller,Music video,"1,983","2,009"
The Middleton Family at the New York World's Fair,Narrative feature/documentary,"1,939","2,012"
Midnight Cowboy,Narrative feature,"1,969","1,994"
Mighty Like a Moose,Short subject,"1,926","2,007"
Mildred Pierce,Narrative feature,"1,945","1,996"
The Miracle of Morgan's Creek,Narrative feature,"1,944","2,001"
Miracle on 34th Street,Narrative feature,"1,947","2,005"
Miss Lulu Bett,Narrative feature,"1,922","2,001"
Modern Times,Narrative feature,"1,936","1,989"
Modesta,Short subject,"1,956","1,998"
Mom and Dad,Narrative feature,"1,944","2,005"
Morocco,Narrative feature,"1,930","1,992"
Motion Painting No. 1,Animated short subject,"1,947","1,997"
A Movie,Short subject/experimental film,"1,958","1,994"
Mr. Smith Goes to Washington,Narrative feature,"1,939","1,989"
Mrs. Miniver,Narrative feature,"1,942","2,009"
Multiple Sidosis,Short subject,"1,970","2,000"
The Muppet Movie,Narrative feature,"1,979","2,009"
The Music Box,Short subject,"1,932","1,997"
The Music Man,Narrative feature,"1,962","2,005"
My Darling Clementine,Narrative feature,"1,946","1,991"
My Man Godfrey,Narrative feature,"1,936","1,999"
The Naked City,Narrative feature,"1,948","2,007"
The Naked Spur,Narrative feature,"1,953","1,997"
Nanook of the North,Documentary,"1,922","1,989"
Nashville,Narrative feature,"1,975","1,992"
National Lampoon's Animal House,Narrative feature,"1,978","2,001"
National Velvet,Narrative feature,"1,944","2,003"
Naughty Marietta,Narrative feature,"1,935","2,003"
The Negro Soldier,Documentary,"1,944","2,011"
Network,Narrative feature,"1,976","2,000"
Newark Athlete,Short subject,"1,891","2,010"
Nicholas Brothers Family Home Movies,Home film,1930s–1940s,"2,011"
A Night at the Opera,Narrative feature,"1,935","1,993"
The Night of the Hunter,Narrative feature,"1,955","1,992"
Night of the Living Dead,Narrative feature,"1,968","1,999"
Ninotchka,Narrative feature,"1,939","1,990"
No Lies,Short subject,"1,973","2,008"
Norma Rae,Narrative feature,"1,979","2,011"
North by Northwest,Narrative feature,"1,959","1,995"
(nostalgia),Documentary/short subject,"1,971","2,003"
Nothing But a Man,Narrative feature,"1,964","1,993"
Notorious,Narrative feature,"1,946","2,006"
"Now, Voyager",Narrative feature,"1,942","2,007"
The Nutty Professor,Narrative feature,"1,963","2,004"
OffOn,Short subject/experimental film,"1,968","2,004"
Oklahoma!,Narrative feature,"1,955","2,007"
On the Bowery,Documentary,"1,957","2,008"
On the Waterfront,Narrative feature,"1,954","1,989"
Once Upon a Time in the West,Narrative feature,"1,968","2,009"
One Flew Over the Cuckoo's Nest,Narrative feature,"1,975","1,993"
One Froggy Evening,Animated short subject,"1,956","2,003"
One Survivor Remembers,Documentary/short subject,"1,995","2,012"
One Week,Short subject,"1,920","2,008"
Our Day,Documentary/short subject,"1,938","2,007"
Our Lady of the Sphere,Experimental film,"1,969","2,010"
Out of the Past,Narrative feature,"1,947","1,991"
The Outlaw Josey Wales,Narrative feature,"1,976","1,996"
The Ox-Bow Incident,Narrative feature,"1,943","1,998"
Parable,Narrative feature,"1,964","2,012"
Pass the Gravy,Short subject,"1,928","1,998"
Paths of Glory,Narrative feature,"1,957","1,992"
Patton,Narrative feature,"1,970","2,003"
The Pawnbroker,Narrative feature,"1,965","2,008"
The Pearl,Narrative feature,"1,948","2,002"
Peege,Short subject,"1,972","2,007"
The Perils of Pauline[VIII],Film serial,"1,914","2,008"
Peter Pan,Narrative feature,"1,924","2,000"
The Phantom of the Opera,Narrative feature,"1,925","1,998"
The Philadelphia Story,Narrative feature,"1,940","1,995"
Pillow Talk,Narrative feature,"1,959","2,009"
The Pink Panther,Narrative feature,"1,963","2,010"
Pinocchio,Animated narrative feature,"1,940","1,994"
A Place in the Sun,Narrative feature,"1,951","1,991"
Planet of the Apes,Narrative feature,"1,968","2,001"
The Plow That Broke the Plains,Documentary/short subject,"1,936","1,999"
Point of Order,Documentary,"1,964","1,993"
The Poor Little Rich Girl,Narrative feature,"1,917","1,991"
Popeye the Sailor Meets Sindbad the Sailor,Animated short subject,"1,936","2,004"
Porgy And Bess,Narrative feature,"1,959","2,011"
Porky in Wackyland,Animated short subject,"1,938","2,000"
The Power of the Press,Narrative feature,"1,928","2,005"
Powers of Ten,Documentary/short subject,"1,978","1,998"
Precious Images,Compilation short subject,"1,986","2,009"
Preservation of the Sign Language,Short subject,"1,913","2,010"
President McKinley Inauguration Footage,Documentary/short subject,"1,901","2,000"
Primary,Documentary,"1,960","1,990"
"Princess Nicotine; or, The Smoke Fairy",Short subject,"1,909","2,003"
The Prisoner of Zenda,Narrative feature,"1,937","1,991"
The Producers,Narrative feature,"1,968","1,996"
Psycho,Narrative feature,"1,960","1,992"
The Public Enemy,Narrative feature,"1,931","1,998"
Pull My Daisy,Short subject,"1,959","1,996"
Punch Drunks,Short subject,"1,934","2,002"
Pups Is Pups,Short subject,"1,930","2,004"
Quasi at the Quackadero,Animated short subject,"1,975","2,009"
Raging Bull,Narrative feature,"1,980","1,990"
Raiders of the Lost Ark,Narrative feature,"1,981","1,999"
A Raisin in the Sun,Narrative feature,"1,961","2,005"
Rear Window,Narrative feature,"1,954","1,997"
Rebel Without a Cause,Narrative feature,"1,955","1,990"
The Red Book,Animated short subject,"1,994","2,009"
Red Dust,Narrative feature,"1,932","2,006"
Red River,Narrative feature,"1,948","1,990"
Regeneration,Narrative feature,"1,915","2,000"
Reminiscences of a Journey to Lithuania,Documentary,1971–1972,"2,006"
Republic Steel Strike Riot Newsreel Footage,Newsreel,"1,937","1,997"
Return of the Secaucus 7,Narrative feature,"1,980","1,997"
The Revenge of Pancho Villa,Narrative feature,1930–1936,"2,009"
Ride the High Country,Narrative feature,"1,962","1,992"
Rip Van Winkle[III],Film serial,"1,896","1,995"
The River,Documentary/short subject,"1,938","1,990"
Road to Morocco,Narrative feature,"1,942","1,996"
Rocky,Narrative feature,"1,976","2,006"
The Rocky Horror Picture Show,Narrative feature,"1,975","2,005"
Roman Holiday,Narrative feature,"1,953","1,999"
Rose Hobart,Short subject/experimental film,"1,936","2,001"
Sabrina,Narrative feature,"1,954","2,002"
Safety Last!,Narrative feature,"1,923","1,994"
Salesman,Documentary,"1,969","1,992"
Salomé,Narrative feature,"1,923","2,000"
Salt of the Earth,Narrative feature,"1,954","1,992"
Samsara: Death and Rebirth in Cambodia,Documentary,"1,990","2,012"
"San Francisco Earthquake and Fire, April 18, 1906",Documentary,"1,906","2,005"
Saturday Night Fever,Narrative feature,"1,977","2,010"
Scarface,Narrative feature,"1,932","1,994"
Schindler's List,Narrative feature,"1,993","2,004"
Scratch and Crow,Animated short subject,"1,995","2,009"
The Searchers,Narrative feature,"1,956","1,989"
Serene Velocity,Short subject,"1,970","2,001"
Sergeant York,Narrative feature,"1,941","2,008"
Seven Brides for Seven Brothers,Narrative feature,"1,954","2,004"
Seventh Heaven,Narrative feature,"1,927","1,995"
"sex, lies, and videotape",Narrative feature,"1,989","2,006"
The Sex Life of the Polyp,Short subject,"1,928","2,007"
Shadow of a Doubt,Narrative feature,"1,943","1,991"
Shadows,Narrative feature,"1,959","1,993"
Shaft,Narrative feature,"1,971","2,000"
Shane,Narrative feature,"1,953","1,993"
She Done Him Wrong,Narrative feature,"1,933","1,996"
"Sherlock, Jr.",Narrative feature,"1,924","1,991"
Sherman's March,Documentary,"1,986","2,000"
Shock Corridor,Narrative feature,"1,963","1,996"
The Shop Around the Corner,Narrative feature,"1,940","1,999"
Show Boat,Narrative feature,"1,936","1,996"
Show People,Narrative feature,"1,928","2,003"
Siege,Documentary/short subject,"1,940","2,006"
The Silence of the Lambs,Narrative feature,"1,991","2,011"
Singin' in the Rain,Narrative feature,"1,952","1,989"
Sky High,Narrative feature,"1,922","1,998"
Slacker,Narrative feature,"1,991","2,012"
Snow White,Animated short subject,"1,933","1,994"
Snow White and the Seven Dwarfs,Animated narrative feature,"1,937","1,989"
So's Your Old Man,Narrative feature,"1,926","2,008"
Some Like It Hot,Narrative feature,"1,959","1,989"
Son of the Sheik,Narrative feature,"1,926","2,003"
Sons of the Desert,Narrative feature,"1,933","2,012"
The Sound of Music,Narrative feature,"1,965","2,001"
The Spook Who Sat by the Door,Narrative feature,"1,973","2,012"
Stagecoach,Narrative feature,"1,939","1,995"
Stand and Deliver,Narrative feature,"1,988","2,011"
A Star Is Born,Narrative feature,"1,954","2,000"
Star Theatre,Short subject,"1,901","2,002"
Star Wars Episode IV: A New Hope,Narrative feature,"1,977","1,989"
Star Wars Episode V: The Empire Strikes Back,Narrative feature,"1,980","2,010"
Stark Love,Narrative feature,"1,927","2,009"
Steamboat Willie,Animated short subject,"1,928","1,998"
The Sting,Narrative feature,"1,973","2,005"
Stormy Weather,Narrative feature,"1,943","2,001"
The Story of G.I. Joe,Narrative feature,"1,945","2,009"
Stranger Than Paradise,Narrative feature,"1,984","2,002"
A Streetcar Named Desire,Narrative feature,"1,951","1,999"
The Strong Man,Narrative feature,"1,926","2,007"
A Study in Reds,Narrative feature,"1,932","2,009"
Study of a River,Experimental film,"1,997","2,010"
St. Louis Blues,Short subject,"1,929","2,006"
Sullivan's Travels,Narrative feature,"1,941","1,990"
Sunrise: A Song of Two Humans,Narrative feature,"1,927","1,989"
Sunset Boulevard,Narrative feature,"1,950","1,989"
Sweet Smell of Success,Narrative feature,"1,957","1,993"
Swing Time,Narrative feature,"1,936","2,004"
The T.A.M.I. Show,Documentary,"1,964","2,006"
Tabu,Narrative feature,"1,931","1,994"
Tacoma Narrows Bridge Collapse,Home film,"1,940","1,998"
The Tall T,Narrative feature,"1,957","2,000"
Tarantella,Short subject/experimental film,"1,940","2,010"
Tarzan and His Mate,Narrative feature,"1,934","2,003"
Taxi Driver,Narrative feature,"1,976","1,994"
The Tell-Tale Heart,Animated short subject,"1,953","2,001"
The Ten Commandments,Narrative feature,"1,956","1,999"
The Terminator,Narrative feature,"1,984","2,008"
Tess of the Storm Country,Narrative feature,"1,914","2,006"
Tevye,Narrative feature,"1,939","1,991"
Theodore Case Sound Test: Gus Visser and His Singing Duck,Short subject,"1,925","2,002"
There It Is,Short subject,"1,928","2,004"
They Call It Pro Football,Documentary,"1,967","2,012"
The Thief of Bagdad,Narrative feature,"1,924","1,996"
The Thin Blue Line,Documentary,"1,988","2,001"
The Thin Man,Narrative feature,"1,934","1,997"
The Thing from Another World,Narrative feature,"1,951","2,001"
Think of Me First as a Person,Documentary/home film,1960–1975,"2,006"
This Is Cinerama,Documentary,"1,952","2,002"
This is Spinal Tap,Narrative feature,"1,984","2,002"
Three Little Pigs,Animated short subject,"1,933","2,007"
Through Navajo Eyes[IV],Film serial,"1,966","2,002"
A Time for Burning,Documentary,"1,966","2,005"
A Time Out of War,Short subject,"1,954","2,006"
The Times of Harvey Milk,Documentary,"1,984","2,012"
Tin Toy,Animated short subject,"1,988","2,003"
To Be or Not to Be,Narrative feature,"1,942","1,996"
To Fly!,Documentary,"1,976","1,995"
To Kill a Mockingbird,Narrative feature,"1,962","1,995"
Tol'able David,Narrative feature,"1,921","2,007"
"Tom, Tom, the Piper's Son",Experimental film,1969–1971,"2,007"
Tootsie,Narrative feature,"1,982","1,998"
Top Hat,Narrative feature,"1,935","1,990"
Topaz,Documentary,1943–1945,"1,996"
Touch of Evil,Narrative feature,"1,958","1,993"
Toy Story,Animated narrative feature,"1,995","2,005"
Traffic in Souls,Narrative feature,"1,913","2,006"
Trance and Dance in Bali,Documentary/short subject,1936–1939[V],"1,999"
The Treasure of the Sierra Madre,Narrative feature,"1,948","1,990"
A Tree Grows in Brooklyn,Narrative feature,"1,945","2,010"
A Trip Down Market Street,Documentary,"1,906","2,010"
Trouble in Paradise,Narrative feature,"1,932","1,991"
Tulips Shall Grow,Animated short subject,"1,942","1,997"
Twelve O'Clock High,Narrative feature,"1,949","1,998"
Twentieth Century,Narrative feature,"1,934","2,011"
Two-Lane Blacktop,Narrative feature,"1,971","2,012"
Uncle Tom's Cabin,Narrative feature,"1,914","2,012"
Under Western Stars,Narrative feature,"1,938","2,009"
Unforgiven,Narrative feature,"1,992","2,004"
Verbena Tragica,Narrative feature,"1,939","1,996"
Vertigo,Narrative feature,"1,958","1,989"
The War of the Worlds,Narrative feature,"1,953","2,011"
Water and Power,Documentary,"1,989","2,008"
The Wedding March,Narrative feature,"1,928","2,003"
West Side Story,Narrative feature,"1,961","1,997"
"Westinghouse Works, 1904[VI]",Film serial,"1,904","1,998"
"What's Opera, Doc?",Animated short subject,"1,957","1,992"
Where Are My Children?,Narrative feature,"1,916","1,993"
White Fawn's Devotion,Short subject,"1,910","2,008"
White Heat,Narrative feature,"1,949","2,003"
Why Man Creates,Animated documentary/short subject,"1,968","2,002"
Why We Fight[IX],Documentary film serial,1943–1945,"2,000"
Wild and Woolly,Narrative feature,"1,917","2,002"
The Wild Bunch,Narrative feature,"1,969","1,999"
Wild River,Narrative feature,"1,960","2,002"
Will Success Spoil Rock Hunter?,Narrative feature,"1,957","2,000"
The Wind,Narrative feature,"1,928","1,993"
Wings,Narrative feature,"1,927","1,997"
The Wishing Ring: An Idyll of Old England,Narrative feature,"1,914","2,012"
Within Our Gates,Narrative feature,"1,920","1,992"
The Wizard of Oz,Narrative feature,"1,939","1,989"
Woman of the Year,Narrative feature,"1,942","1,999"
A Woman Under the Influence,Narrative feature,"1,974","1,990"
The Women,Narrative feature,"1,939","2,007"
Woodstock,Documentary,"1,970","1,996"
Wuthering Heights,Narrative feature,"1,939","2,007"
Yankee Doodle Dandy,Narrative feature,"1,942","1,993"
Young Frankenstein,Narrative feature,"1,974","2,003"
Young Mr. Lincoln,Narrative feature,"1,939","2,003"
Zapruder film,Home film,"1,963","1,994"
