Film title,Film Type,Year of release,Year Of induction
12 Angry Men,Narrative feture,19.57,2007
2001: A Space Odyssey,Narrative feture,19.68,1991
3:10 to Yuma,Narrative feture,19.57,2012
42nd Street,Narrative feture,19.33,1998
The 7th Voyage of Sinbad,Narrative feture,19.58,2008
Abbott and Costello Meet Frankenstein,Narrative feture,19.48,2001
Adam's Rib,Narrative feture,19.49,1992
The Adventures of Robin Hood,Narrative feture,19.38,1995
The African Queen,Narrative feture,19.51,1994
Airplane!,Narrative feture,19.8,2010
Alien,Narrative feture,19.79,2002
All About Eve,Narrative feture,19.5,1990
All My Babies,Documentary,19.53,2002
All Quiet on the Western Front,Narrative feture,19.3,1990
All That Heaven Allows,Narrative feture,19.55,1995
All That Jazz,Narrative feture,19.79,2001
All the King's Men,Narrative feture,19.49,2001
All the President's Men,Narrative feture,19.76,2010
Allures,Experimental film,19.61,2011
"""America, America""",Narrative feture,19.63,2001
American Graffiti,Narrative feture,19.73,1995
An American in Paris,Narrative feture,19.51,1993
Anatomy of a Murder,Narrative feture,19.59,2012
Annie Hall,Narrative feture,19.77,1992
Antonia: A Portrait of the Woman,Documentary,19.74,2003
The Apartment,Narrative feture,19.6,1994
Apocalypse Now,Narrative feture,19.79,2000
Applause,Narrative feture,19.29,2006
The Asphalt Jungle,Narrative feture,19.5,2008
Atlantic City,Narrative feture,19.8,2003
The Augustas,Home film/documentary,19.3,2012
The Awful Truth,Narrative feture,19.37,1996
Baby Face,Narrative feture,19.33,2005
Back to the Future,Narrative feture,19.85,2007
The Bad and the Beautiful,Narrative feture,19.52,2002
Badlands,Narrative feture,19.73,1993
Bambi,Narrative feture,19.42,2011
The Band Wagon,Narrative feture,19.53,1995
The Bank Dick,Narrative feture,19.4,1992
The Bargain,Narrative feture,19.14,2010
The Battle of San Pietro,Documentary,19.45,1991
Beauty and the Beast,Narrative feture,19.91,2002
Ben-Hur,Narrative feture,19.25,1997
Ben-Hur,Narrative feture,19.59,2004
The Best Years of Our Lives,Narrative feture,19.46,1989
Big Business,Short subject,19.29,1992
The Big Heat,Narrative feture,19.53,2011
The Big Parade,Narrative feture,19.25,1992
The Big Sleep,Narrative feture,19.46,1997
The Big Trail,Narrative feture,19.3,2006
The Birth of a Nation,Narrative feture,19.15,1992
The Black Pirate,Narrative feture,19.26,1993
The Black Stallion,Narrative feture,19.79,2002
Blacksmith Scene,Short subject,18.93,1995
Blade Runner,Narrative feture,19.82,1993
Blazing Saddles,Narrative feture,19.74,2006
The Blood of Jesus,Narrative feture,19.41,1991
The Blue Bird,Narrative feture,19.18,2004
Bonnie and Clyde,Narrative feture,19.67,1992
Boyz n the Hood,Narrative feture,19.91,2002
Bride of Frankenstein,Narrative feture,19.35,1998
The Bridge on the River Kwai,Narrative feture,19.57,1997
Bringing Up Baby,Narrative feture,19.38,1990
Broken Blossoms,Narrative feture,19.19,1996
Born Yesterday,Narrative feture,19.5,2012
Breakfast at Tiffany's,Narrative feture,19.61,2012
A Bronx Morning,Short subject,19.31,2004
The Buffalo Creek Flood: An Act of Man,Documentary,19.75,2005
Bullitt,Narrative feture,19.68,2007
Butch Cassidy and the Sundance Kid,Narrative feture,19.69,2003
Cabaret,Narrative feture,19.72,1995
The Cameraman,Narrative feture,19.28,2005
Carmen Jones,Narrative feture,19.54,1992
Casablanca,Narrative feture,19.42,1989
Castro Street,Documentary/short subject/experimental film,19.66,1992
Cat People,Narrative feture,19.42,1993
Chan Is Missing,Narrative feture,19.82,1995
The Cheat,Narrative feture,19.15,1993
The Chechahcos,Narrative feture,19.24,2003
Chinatown,Narrative feture,19.74,1991
A Christmas Story,Narrative feture,19.83,2012
Chulas Fronteras,Documentary,19.76,1993
Citizen Kane,Narrative feture,19.41,1989
The City,Documentary,19.39,1998
City Lights,Narrative feture,19.31,1991
Civilization,Narrative feture,19.16,1999
Clash of the Wolves,Narrative feture,19.25,2004
Close Encounters of the Third Kind,Narrative feture,19.77,2007
Cologne: From the Diary of Ray and Esther,Documentary/short subject,19.39,2001
"""Commandment Keeper Church, Beaufort South Carolina, May 1940""",Documentary/short subject,19.4,2005
A Computer Animated Hand,Animated short subject/experimental film,19.72,2011
The Conversation,Narrative feture,19.74,1995
Cool Hand Luke,Narrative feture,19.67,2005
The Cool World,Narrative feture,19.63,1994
Cops,Short subject,19.22,1997
The Corbett-Fitzsimmons Fight,Documentary,18.97,2012
A Corner in Wheat,Short subject,19.09,1994
The Court Jester,Narrative feture,19.56,2004
Crisis: Behind a Presidential Commitment,Documentary,19.63,2011
The Crowd,Narrative feture,19.28,1989
Cry of Jazz,Short subject,19.59,2010
The Cry of the Children,Short subject,19.12,2011
A Cure for Pokeritis,Short subject,19.12,2011
The Curse of Quon Gwon,Short subject,19.16,2006
Czechoslovakia 1968,Documentary/short subject,19.69,1997
"""Dance, Girl, Dance""",Narrative feture,19.4,2007
Dances with Wolves,Narrative feture,19.9,2007
Daughter of Shanghai,Narrative feture,19.37,2006
Daughters of the Dust,Narrative feture,19.91,2004
David Holzman's Diary,Narrative feture,19.68,1991
The Day the Earth Stood Still,Narrative feture,19.51,1995
Days of Heaven,Narrative feture,19.78,2007
Dead Birds,Documentary,19.64,1998
The Deer Hunter,Narrative feture,19.78,1996
Deliverance,Narrative feture,19.72,2008
Destry Rides Again,Narrative feture,19.39,1996
Detour,Narrative feture,19.45,1992
Dickson Experimental Sound Film,Short subject/experimental film,18.94,2003
Dirty Harry,Narrative feture,19.71,2012
Disneyland Dream,Home film,19.56,2008
D.O.A.,Narrative feture,19.5,2004
Do the Right Thing,Narrative feture,19.89,1999
The Docks of New York,Narrative feture,19.28,1999
Dodsworth,Narrative feture,19.36,1990
Dog Day Afternoon,Narrative feture,19.75,2009
Dog Star Man,Short subject/experimental film,19.64,1992
Dont Look Back,Documentary,19.67,1998
Double Indemnity,Narrative feture,19.44,1992
Dr. Strangelove or: How I Learned to Stop Worrying and Love the Bomb,Narrative feture,19.64,1989
Dracula,Narrative feture,19.31,2000
Drums of Winter,Documentary,19.88,2006
Duck Amuck,Animated short subject,19.53,1999
Duck and Cover,Animated short subject,19.51,2004
Duck Soup,Narrative feture,19.33,1990
E.T. the Extra-Terrestrial,Narrative feture,19.82,1994
Early Abstractions[I],Animated short subjects,19.39,2006
Easy Rider,Narrative feture,19.69,1998
Eaux d'artifice,Short subject,19.53,1993
Electronic Labyrinth: THX 1138 4EB,Short subject,19.67,2010
El Mariachi,Narrative feture,19.92,2011
El Norte,Narrative feture,19.83,1995
The Emperor Jones,Narrative feture,19.33,1999
Empire,Experimental film,19.64,2004
The Endless Summer,Documentary,19.66,2002
Enter the Dragon,Narrative feture,19.73,2004
Eraserhead,Narrative feture,19.77,2004
The Evidence of the Film,Short subject,19.13,2001
The Exiles,Narrative feture,19.61,2009
The Exorcist,Narrative feture,19.73,2010
The Exploits of Elaine[VII],Film serial,19.14,1994
A Face in the Crowd,Narrative feture,19.57,2008
Faces,Narrative feture,19.68,2011
Fake Fruit Factory,Documentary/short subject,19.86,2011
The Fall of the House of Usher,Short subject,19.28,2000
Fantasia,Narrative feture,19.4,1990
Fargo,Narrative feture,19.96,2006
Fast Times at Ridgemont High,Narrative feture,19.82,2005
Fatty's Tintype Tangle,Short subject,19.15,1995
Film Portrait,Documentary,19.7,2003
Five Easy Pieces,Narrative feture,19.7,2000
Flash Gordon[II],Film serial,19.36,1996
Flesh and the Devil,Narrative feture,19.27,2006
Flower Drum Song,Narrative feture,19.61,2008
Foolish Wives,Narrative feture,19.22,2008
Footlight Parade,Narrative feture,19.33,1992
Force of Evil,Narrative feture,19.48,1994
The Forgotten Frontier,Documentary,19.31,1996
Forrest Gump,Narrative feture,19.94,2011
The Four Horsemen of the Apocalypse,Narrative feture,19.21,1995
Jenkins Orphanage Band?(Fox Movietone News),Newsreel,19.28,2003
Frank Film,Animated short subject,19.73,1996
Frankenstein,Narrative feture,19.31,1991
Freaks,Narrative feture,19.32,1994
Free Radicals,Animated short subject,19.79,2008
The French Connection,Narrative feture,19.71,2005
The Freshman,Narrative feture,19.25,1990
From Here to Eternity,Narrative feture,19.53,2002
From Stump to Ship,Industrial/short subject,19.3,2002
From the Manger to the Cross,Narrative feture,19.12,1998
The Front Page,Narrative feture,19.31,2010
Fuji,Short subject,19.74,2002
Fury,Narrative feture,19.36,1995
Garlic Is as Good as Ten Mothers,Documentary,19.8,2004
The General,Narrative feture,19.26,1989
George Stevens World War II Footage,Documentary,19.43,2008
Gerald McBoing-Boing,Animated short subject,19.51,1995
Gertie the Dinosaur,Animated short subject,19.14,1991
Giant,Narrative feture,19.56,2005
Gigi,Narrative feture,19.58,1991
Glimpse of the Garden,Short subject,19.57,2007
The Godfather,Narrative feture,19.72,1990
The Godfather Part II,Narrative feture,19.74,1993
Going My Way,Narrative feture,19.44,2004
Gold Diggers of 1933,Narrative feture,19.33,2003
The Gold Rush,Narrative feture,19.25,1992
Gone with the Wind,Narrative feture,19.39,1989
Goodfellas,Narrative feture,19.9,2000
The Graduate,Narrative feture,19.67,1996
Grand Hotel,Narrative feture,19.32,2007
The Grapes of Wrath,Narrative feture,19.4,1989
Grass,Documentary,19.25,1997
The Great Dictator,Narrative feture,19.4,1997
The Great Train Robbery,Short subject,19.03,1990
Greed,Narrative feture,19.24,1991
Grey Gardens,Documentary,19.76,2010
Groundhog Day,Narrative feture,19.93,2006
Growing Up Female,Documentary,19.71,2011
Gun Crazy,Narrative feture,19.49,1998
Gunga Din,Narrative feture,19.39,1999
H2O,Short subject,19.29,2005
Hallelujah!,Narrative feture,19.29,2008
Halloween,Narrative feture,19.78,2006
Hands Up!,Narrative feture,19.26,2005
"""Harlan County, USA""",Documentary,19.76,1990
Harold and Maude,Narrative feture,19.72,1997
The Heiress,Narrative feture,19.49,1996
Hell's Hinges,Narrative feture,19.16,1994
Heroes All,Documentary,19.2,2009
Hester Street,Narrative feture,19.75,2011
High Noon,Narrative feture,19.52,1989
High School,Documentary,19.69,1991
Hindenburg Disaster Newsreel Footage,Newsreel,19.37,1997
His Girl Friday,Narrative feture,19.4,1993
The Hitch-Hiker,Narrative feture,19.53,1998
Hoop Dreams,Documentary,19.94,2005
Hoosiers,Narrative feture,19.86,2001
Hospital,Documentary,19.7,1994
The Hospital,Narrative feture,19.71,1995
Hot Dogs for Gauguin,Short subject,19.72,2009
Hours for Jerome Parts 1 and 2,Experimental film,19.8,2012
The House I Live In,Short subject,19.45,2007
The House in the Middle,Documentary/short subject,19.54,2001
House of Usher,Narrative feture,19.6,2005
How Green Was My Valley,Narrative feture,19.41,1990
How the West Was Won,Narrative feture,19.62,1997
The Hunters,Documentary,19.57,2003
The Hustler,Narrative feture,19.61,1997
I Am a Fugitive from a Chain Gang,Narrative feture,19.32,1991
I Am Joaquin,Short subject,19.69,2010
"""I, an Actress""",Short subject,19.77,2011
Imitation of Life,Narrative feture,19.34,2005
The Immigrant,Short subject,19.17,1998
In a Lonely Place,Narrative feture,19.5,2007
In Cold Blood,Narrative feture,19.67,2008
In the Heat of the Night,Narrative feture,19.67,2002
In the Land of the Head Hunters,Narrative feture,19.14,1999
In the Street,Documentary/short subject,19.48,2006
The Incredible Shrinking Man,Narrative feture,19.57,2009
Inside Nazi Germany,Documentary/short subject,19.38,1993
Intolerance,Narrative feture,19.16,1989
Invasion of the Body Snatchers,Narrative feture,19.56,1994
The Invisible Man,Narrative feture,19.33,2008
The Iron Horse,Narrative feture,19.24,2011
It,Narrative feture,19.27,2001
It Happened One Night,Narrative feture,19.34,1993
It's a Gift,Narrative feture,19.34,2010
It's a Wonderful Life,Narrative feture,19.46,1990
The Italian,Narrative feture,19.15,1991
Jailhouse Rock,Narrative feture,19.57,2004
Jam Session,Short subject,19.42,2001
Jeffries-Johnson World's Championship Boxing Contest,Documentary,19.1,2005
Jammin' the Blues,Short subject,19.44,1995
Jaws,Narrative feture,19.75,2001
Jazz on a Summer's Day,Documentary,19.59,1999
The Jazz Singer,Narrative feture,19.27,1996
Jezebel,Narrative feture,19.38,2009
Johnny Guitar,Narrative feture,19.54,2008
The Jungle,Short subject,19.67,2009
The Kid,Narrative feture,19.21,2011
The Kidnappers Foil,Narrative feture,19.3,2012
Killer of Sheep,Narrative feture,19.77,1990
The Killers,Narrative feture,19.46,2008
King: A Filmed Record... Montgomery to Memphis,Documentary,19.7,1999
King Kong,Narrative feture,19.33,1991
The Kiss,Short subject,18.96,1999
Kiss Me Deadly,Narrative feture,19.55,1999
"""Kannapolis, N.C.""",Documentary,19.41,2004
"""Knute Rockne, All American""",Narrative feture,19.4,1997
Kodachrome Color Motion-Picture Test,Experimental film,19.22,2012
Koyaanisqatsi,Narrative feture,19.83,2000
The Lady Eve,Narrative feture,19.41,1994
Lady Helen's Escapade,Short subject,19.09,2004
Lady Windermere's Fan,Narrative feture,19.25,2002
Lambchops,Short subject,19.29,1999
The Land Beyond the Sunset,Short subject,19.12,2000
Lassie Come Home,Narrative feture,19.43,1993
The Last Command,Narrative feture,19.28,2006
The Last of the Mohicans,Narrative feture,19.2,1995
The Last Picture Show,Narrative feture,19.71,1998
Laura,Narrative feture,19.44,1999
Lawrence of Arabia,Narrative feture,19.62,1991
The Lead Shoes,Short subject/experimental film,19.49,2009
A League of Their Own,Narrative feture,19.92,2012
The Learning Tree,Narrative feture,19.69,1989
Let's All Go to the Lobby,Animated short subject,19.57,2000
Let There Be Light,Documentary,19.46,2010
Letter from an Unknown Woman,Narrative feture,19.48,1992
The Life and Death of 9413: a Hollywood Extra,Short subject,19.27,1997
The Life and Times of Rosie the Riveter,Documentary,19.8,1996
The Life of Emile Zola,Narrative feture,19.37,2000
Little Caesar,Narrative feture,19.31,2000
Little Fugitive,Narrative feture,19.53,1997
Little Miss Marker,Narrative feture,19.34,1998
Little Nemo,Animated short subject,19.11,2009
The Living Desert,Documentary,19.53,2000
Lonesome,Narrative feture,19.28,2010
The Lost Weekend,Narrative feture,19.45,2011
The Lost World,Narrative feture,19.25,1998
Louisiana Story,Narrative feture,19.48,1994
Love Finds Andy Hardy,Narrative feture,19.38,2000
Love Me Tonight,Narrative feture,19.32,1990
Mabel's Blunder,Short subject,19.14,2009
Make Way for Tomorrow,Narrative feture,19.37,2010
Magical Maestro,Animated short subject,19.52,1993
The Magnificent Ambersons,Narrative feture,19.42,1991
The Making of an American,Short subject,19.2,2005
Malcolm X,Narrative feture,19.92,2010
The Maltese Falcon,Narrative feture,19.41,1989
The Man Who Shot Liberty Valance,Narrative feture,19.62,2007
The Manchurian Candidate,Narrative feture,19.62,1994
Manhatta,Documentary/short subject,19.21,1995
Manhattan,Narrative feture,19.79,2001
The March,Documentary/short subject,19.64,2008
Marian Anderson: the Lincoln Memorial Concert,Documentary,19.39,2001
The Mark of Zorro,Narrative feture,19.4,2009
Marty,Narrative feture,19.55,1994
MASH,Narrative feture,19.7,1996
Master Hands,Documentary,19.36,1999
Matrimony's Speed Limit,Short subject,19.13,2003
The Matrix,Narrative feture,19.99,2012
McCabe & Mrs. Miller,Narrative feture,19.71,2010
Mean Streets,Narrative feture,19.73,1997
Medium Cool,Narrative feture,19.69,2003
Meet Me in St. Louis,Narrative feture,19.44,1994
Melody Ranch,Narrative feture,19.4,2002
Memphis Belle,Documentary,19.44,2001
Meshes of the Afternoon,Short subject/experimental film,19.43,1990
Michael Jackson's Thriller,Music video,19.83,2009
The Middleton Family at the New York World's Fair,Narrative feture,19.39,2012
Midnight Cowboy,Narrative feture,19.69,1994
Mighty Like a Moose,Short subject,19.26,2007
Mildred Pierce,Narrative feture,19.45,1996
The Miracle of Morgan's Creek,Narrative feture,19.44,2001
Miracle on 34th Street,Narrative feture,19.47,2005
Miss Lulu Bett,Narrative feture,19.22,2001
Modern Times,Narrative feture,19.36,1989
Modesta,Short subject,19.56,1998
Mom and Dad,Narrative feture,19.44,2005
Morocco,Narrative feture,19.3,1992
Motion Painting No. 1,Animated short subject,19.47,1997
A Movie,Short subject/experimental film,19.58,1994
Mr. Smith Goes to Washington,Narrative feture,19.39,1989
Mrs. Miniver,Narrative feture,19.42,2009
Multiple Sidosis,Short subject,19.7,2000
The Muppet Movie,Narrative feture,19.79,2009
The Music Box,Short subject,19.32,1997
The Music Man,Narrative feture,19.62,2005
My Darling Clementine,Narrative feture,19.46,1991
My Man Godfrey,Narrative feture,19.36,1999
The Naked City,Narrative feture,19.48,2007
The Naked Spur,Narrative feture,19.53,1997
Nanook of the North,Documentary,19.22,1989
Nashville,Narrative feture,19.75,1992
National Lampoon's Animal House,Narrative feture,19.78,2001
National Velvet,Narrative feture,19.44,2003
Naughty Marietta,Narrative feture,19.35,2003
The Negro Soldier,Documentary,19.44,2011
Network,Narrative feture,19.76,2000
Newark Athlete,Short subject,18.91,2010
Nicholas Brothers Family Home Movies,Home film,19.3,2011
A Night at the Opera,Narrative feture,19.35,1993
The Night of the Hunter,Narrative feture,19.55,1992
Night of the Living Dead,Narrative feture,19.68,1999
Ninotchka,Narrative feture,19.39,1990
No Lies,Short subject,19.73,2008
Norma Rae,Narrative feture,19.79,2011
North by Northwest,Narrative feture,19.59,1995
(nostalgia),Documentary/short subject,19.71,2003
Nothing But a Man,Narrative feture,19.64,1993
Notorious,Narrative feture,19.46,2006
"""Now, Voyager""",Narrative feture,19.42,2007
The Nutty Professor,Narrative feture,19.63,2004
OffOn,Short subject/experimental film,19.68,2004
Oklahoma!,Narrative feture,19.55,2007
On the Bowery,Documentary,19.57,2008
On the Waterfront,Narrative feture,19.54,1989
Once Upon a Time in the West,Narrative feture,19.68,2009
One Flew Over the Cuckoo's Nest,Narrative feture,19.75,1993
One Froggy Evening,Animated short subject,19.56,2003
One Survivor Remembers,Documentary/short subject,19.95,2012
One Week,Short subject,19.2,2008
Our Day,Documentary/short subject,19.38,2007
Our Lady of the Sphere,Experimental film,19.69,2010
Out of the Past,Narrative feture,19.47,1991
The Outlaw Josey Wales,Narrative feture,19.76,1996
The Ox-Bow Incident,Narrative feture,19.43,1998
Parable,Narrative feture,19.64,2012
Pass the Gravy,Short subject,19.28,1998
Paths of Glory,Narrative feture,19.57,1992
Patton,Narrative feture,19.7,2003
The Pawnbroker,Narrative feture,19.65,2008
The Pearl,Narrative feture,19.48,2002
Peege,Short subject,19.72,2007
The Perils of Pauline[VIII],Film serial,19.14,2008
Peter Pan,Narrative feture,19.24,2000
The Phantom of the Opera,Narrative feture,19.25,1998
The Philadelphia Story,Narrative feture,19.4,1995
Pillow Talk,Narrative feture,19.59,2009
The Pink Panther,Narrative feture,19.63,2010
Pinocchio,Narrative feture,19.4,1994
A Place in the Sun,Narrative feture,19.51,1991
Planet of the Apes,Narrative feture,19.68,2001
The Plow That Broke the Plains,Documentary/short subject,19.36,1999
Point of Order,Documentary,19.64,1993
The Poor Little Rich Girl,Narrative feture,19.17,1991
Popeye the Sailor Meets Sindbad the Sailor,Animated short subject,19.36,2004
Porgy And Bess,Narrative feture,19.59,2011
Porky in Wackyland,Animated short subject,19.38,2000
The Power of the Press,Narrative feture,19.28,2005
Powers of Ten,Documentary/short subject,19.78,1998
Precious Images,Compilation short subject,19.86,2009
Preservation of the Sign Language,Short subject,19.13,2010
President McKinley Inauguration Footage,Documentary/short subject,19.01,2000
Primary,Documentary,19.6,1990
"""Princess Nicotine; or, The Smoke Fairy""",Short subject,19.09,2003
The Prisoner of Zenda,Narrative feture,19.37,1991
The Producers,Narrative feture,19.68,1996
Psycho,Narrative feture,19.6,1992
The Public Enemy,Narrative feture,19.31,1998
Pull My Daisy,Short subject,19.59,1996
Punch Drunks,Short subject,19.34,2002
Pups Is Pups,Short subject,19.3,2004
Quasi at the Quackadero,Animated short subject,19.75,2009
Raging Bull,Narrative feture,19.8,1990
Raiders of the Lost Ark,Narrative feture,19.81,1999
A Raisin in the Sun,Narrative feture,19.61,2005
Rear Window,Narrative feture,19.54,1997
Rebel Without a Cause,Narrative feture,19.55,1990
The Red Book,Animated short subject,19.94,2009
Red Dust,Narrative feture,19.32,2006
Red River,Narrative feture,19.48,1990
Regeneration,Narrative feture,19.15,2000
Reminiscences of a Journey to Lithuania,Documentary,19.71,2006
Republic Steel Strike Riot Newsreel Footage,Newsreel,19.37,1997
Return of the Secaucus 7,Narrative feture,19.8,1997
The Revenge of Pancho Villa,Narrative feture,19.3,2009
Ride the High Country,Narrative feture,19.62,1992
Rip Van Winkle[III],Film serial,18.96,1995
The River,Documentary/short subject,19.38,1990
Road to Morocco,Narrative feture,19.42,1996
Rocky,Narrative feture,19.76,2006
The Rocky Horror Picture Show,Narrative feture,19.75,2005
Roman Holiday,Narrative feture,19.53,1999
Rose Hobart,Short subject/experimental film,19.36,2001
Sabrina,Narrative feture,19.54,2002
Safety Last!,Narrative feture,19.23,1994
Salesman,Documentary,19.69,1992
Salom?,Narrative feture,19.23,2000
Salt of the Earth,Narrative feture,19.54,1992
Samsara: Death and Rebirth in Cambodia,Documentary,19.9,2012
"""San Francisco Earthquake and Fire, April 18, 1906""",Documentary,19.06,2005
Saturday Night Fever,Narrative feture,19.77,2010
Scarface,Narrative feture,19.32,1994
Schindler's List,Narrative feture,19.93,2004
Scratch and Crow,Animated short subject,19.95,2009
The Searchers,Narrative feture,19.56,1989
Serene Velocity,Short subject,19.7,2001
Sergeant York,Narrative feture,19.41,2008
Seven Brides for Seven Brothers,Narrative feture,19.54,2004
Seventh Heaven,Narrative feture,19.27,1995
"""sex, lies, and videotape""",Narrative feture,19.89,2006
The Sex Life of the Polyp,Short subject,19.28,2007
Shadow of a Doubt,Narrative feture,19.43,1991
Shadows,Narrative feture,19.59,1993
Shaft,Narrative feture,19.71,2000
Shane,Narrative feture,19.53,1993
She Done Him Wrong,Narrative feture,19.33,1996
"""Sherlock, Jr.""",Narrative feture,19.24,1991
Sherman's March,Documentary,19.86,2000
Shock Corridor,Narrative feture,19.63,1996
The Shop Around the Corner,Narrative feture,19.4,1999
Show Boat,Narrative feture,19.36,1996
Show People,Narrative feture,19.28,2003
Siege,Documentary/short subject,19.4,2006
The Silence of the Lambs,Narrative feture,19.91,2011
Singin' in the Rain,Narrative feture,19.52,1989
Sky High,Narrative feture,19.22,1998
Slacker,Narrative feture,19.91,2012
Snow White,Animated short subject,19.33,1994
Snow White and the Seven Dwarfs,Narrative feture,19.37,1989
So's Your Old Man,Narrative feture,19.26,2008
Some Like It Hot,Narrative feture,19.59,1989
Son of the Sheik,Narrative feture,19.26,2003
Sons of the Desert,Narrative feture,19.33,2012
The Sound of Music,Narrative feture,19.65,2001
The Spook Who Sat by the Door,Narrative feture,19.73,2012
Stagecoach,Narrative feture,19.39,1995
Stand and Deliver,Narrative feture,19.88,2011
A Star Is Born,Narrative feture,19.54,2000
Star Theatre,Short subject,19.01,2002
Star Wars Episode IV: A New Hope,Narrative feture,19.77,1989
Star Wars Episode V: The Empire Strikes Back,Narrative feture,19.8,2010
Stark Love,Narrative feture,19.27,2009
Steamboat Willie,Animated short subject,19.28,1998
The Sting,Narrative feture,19.73,2005
Stormy Weather,Narrative feture,19.43,2001
The Story of G.I. Joe,Narrative feture,19.45,2009
Stranger Than Paradise,Narrative feture,19.84,2002
A Streetcar Named Desire,Narrative feture,19.51,1999
The Strong Man,Narrative feture,19.26,2007
A Study in Reds,Narrative feture,19.32,2009
Study of a River,Experimental film,19.97,2010
St. Louis Blues,Short subject,19.29,2006
Sullivan's Travels,Narrative feture,19.41,1990
Sunrise: A Song of Two Humans,Narrative feture,19.27,1989
Sunset Boulevard,Narrative feture,19.5,1989
Sweet Smell of Success,Narrative feture,19.57,1993
Swing Time,Narrative feture,19.36,2004
The T.A.M.I. Show,Documentary,19.64,2006
Tabu,Narrative feture,19.31,1994
Tacoma Narrows Bridge Collapse,Home film,19.4,1998
The Tall T,Narrative feture,19.57,2000
Tarantella,Short subject/experimental film,19.4,2010
Tarzan and His Mate,Narrative feture,19.34,2003
Taxi Driver,Narrative feture,19.76,1994
The Tell-Tale Heart,Animated short subject,19.53,2001
The Ten Commandments,Narrative feture,19.56,1999
The Terminator,Narrative feture,19.84,2008
Tess of the Storm Country,Narrative feture,19.14,2006
Tevye,Narrative feture,19.39,1991
Theodore Case Sound Test: Gus Visser and His Singing Duck,Short subject,19.25,2002
There It Is,Short subject,19.28,2004
They Call It Pro Football,Documentary,19.67,2012
The Thief of Bagdad,Narrative feture,19.24,1996
The Thin Blue Line,Documentary,19.88,2001
The Thin Man,Narrative feture,19.34,1997
The Thing from Another World,Narrative feture,19.51,2001
Think of Me First as a Person,Documentary/home film,19.6,2006
This Is Cinerama,Documentary,19.52,2002
This is Spinal Tap,Narrative feture,19.84,2002
Three Little Pigs,Animated short subject,19.33,2007
Through Navajo Eyes[IV],Film serial,19.66,2002
A Time for Burning,Documentary,19.66,2005
A Time Out of War,Short subject,19.54,2006
The Times of Harvey Milk,Documentary,19.84,2012
Tin Toy,Animated short subject,19.88,2003
To Be or Not to Be,Narrative feture,19.42,1996
To Fly!,Documentary,19.76,1995
To Kill a Mockingbird,Narrative feture,19.62,1995
Tol'able David,Narrative feture,19.21,2007
"""Tom, Tom, the Piper's Son""",Experimental film,19.69,2007
Tootsie,Narrative feture,19.82,1998
Top Hat,Narrative feture,19.35,1990
Topaz,Documentary,19.43,1996
Touch of Evil,Narrative feture,19.58,1993
Toy Story,Narrative feture,19.95,2005
Traffic in Souls,Narrative feture,19.13,2006
Trance and Dance in Bali,Documentary/short subject,19.36,1999
The Treasure of the Sierra Madre,Narrative feture,19.48,1990
A Tree Grows in Brooklyn,Narrative feture,19.45,2010
A Trip Down Market Street,Documentary,19.06,2010
Trouble in Paradise,Narrative feture,19.32,1991
Tulips Shall Grow,Animated short subject,19.42,1997
Twelve O'Clock High,Narrative feture,19.49,1998
Twentieth Century,Narrative feture,19.34,2011
Two-Lane Blacktop,Narrative feture,19.71,2012
Uncle Tom's Cabin,Narrative feture,19.14,2012
Under Western Stars,Narrative feture,19.38,2009
Unforgiven,Narrative feture,19.92,2004
Verbena Tragica,Narrative feture,19.39,1996
Vertigo,Narrative feture,19.58,1989
The War of the Worlds,Narrative feture,19.53,2011
Water and Power,Documentary,19.89,2008
The Wedding March,Narrative feture,19.28,2003
West Side Story,Narrative feture,19.61,1997
"""Westinghouse Works, 1904[VI]""",Film serial,19.04,1998
"""What's Opera, Doc?""",Animated short subject,19.57,1992
Where Are My Children?,Narrative feture,19.16,1993
White Fawn's Devotion,Short subject,19.1,2008
White Heat,Narrative feture,19.49,2003
Why Man Creates,Animated documentary/short subject,19.68,2002
Why We Fight[IX],Documentary film serial,19.43,2000
Wild and Woolly,Narrative feture,19.17,2002
The Wild Bunch,Narrative feture,19.69,1999
Wild River,Narrative feture,19.6,2002
Will Success Spoil Rock Hunter?,Narrative feture,19.57,2000
The Wind,Narrative feture,19.28,1993
Wings,Narrative feture,19.27,1997
The Wishing Ring: An Idyll of Old England,Narrative feture,19.14,2012
Within Our Gates,Narrative feture,19.2,1992
The Wizard of Oz,Narrative feture,19.39,1989
Woman of the Year,Narrative feture,19.42,1999
A Woman Under the Influence,Narrative feture,19.74,1990
The Women,Narrative feture,19.39,2007
Woodstock,Documentary,19.7,1996
Wuthering Heights,Narrative feture,19.39,2007
Yankee Doodle Dandy,Narrative feture,19.42,1993
Young Frankenstein,Narrative feture,19.74,2003
Young Mr. Lincoln,Narrative feture,19.39,2003
Zapruder film,Home film,19.63,1994
